Workbook

Sheet Properties & Tenants
A1: PROPERTY & TENANT REGISTER
A2: One row per rented unit. The Rent Tracker sheet uses these details. Keep deposit amounts accurate - by law you must account for interest on deposits.
A3: No. | B3: Property / Unit | C3: Tenant Name | D3: Tenant Phone | E3: Monthly Rent (R) | F3: Deposit Held (R) | G3: Lease Start | H3: Lease End
A4: 1 | B4: Example: 12 Main Rd, Unit A | C4: S. Mokoena | D4: 072 111 2222 | G4: 2026-01-01 | H4: 2026-12-31
A5: 2
A6: 3
A7: 4
A8: 5
A9: 6
A10: 7
A11: 8
A12: 9
A13: 10
A14: 11
A15: 12
A16: 13
... A23: 20
D24: TOTALS | E24: =SUM(E4:E23) -> 0 | F24: =SUM(F4:F23) -> 0

Sheet Rent Tracker
A1: RENT PAYMENT TRACKER
A2: Enter rent received each month. Arrears shows who owes you money. Names pull from the Properties & Tenants sheet.
A3: No. | B3: Tenant | C3: Jan | D3: Feb | E3: Mar | F3: Apr | G3: May | H3: Jun | I3: Jul | J3: Aug | K3: Sep | L3: Oct | M3: Nov | N3: Dec | O3: Received | P3: Due (Year) | Q3: Arrears
A4: 1 | B4: =IF('Properties & Tenants'!C4="","",'Properties & Tenants'!C4) -> S. Mokoena | O4: =SUM(C4:N4) -> 0 | P4: =IF('Properties & Tenants'!E4="",0,'Properties & Tenants'!E4*12) -> 0 | Q4: =MAX(0,P4-O4) -> 0
A5: 2 | B5: =IF('Properties & Tenants'!C5="","",'Properties & Tenants'!C5) | O5: =SUM(C5:N5) -> 0 | P5: =IF('Properties & Tenants'!E5="",0,'Properties & Tenants'!E5*12) -> 0 | Q5: =MAX(0,P5-O5) -> 0
A6: 3 | B6: =IF('Properties & Tenants'!C6="","",'Properties & Tenants'!C6) | O6: =SUM(C6:N6) -> 0 | P6: =IF('Properties & Tenants'!E6="",0,'Properties & Tenants'!E6*12) -> 0 | Q6: =MAX(0,P6-O6) -> 0
A7: 4 | B7: =IF('Properties & Tenants'!C7="","",'Properties & Tenants'!C7) | O7: =SUM(C7:N7) -> 0 | P7: =IF('Properties & Tenants'!E7="",0,'Properties & Tenants'!E7*12) -> 0 | Q7: =MAX(0,P7-O7) -> 0
A8: 5 | B8: =IF('Properties & Tenants'!C8="","",'Properties & Tenants'!C8) | O8: =SUM(C8:N8) -> 0 | P8: =IF('Properties & Tenants'!E8="",0,'Properties & Tenants'!E8*12) -> 0 | Q8: =MAX(0,P8-O8) -> 0
A9: 6 | B9: =IF('Properties & Tenants'!C9="","",'Properties & Tenants'!C9) | O9: =SUM(C9:N9) -> 0 | P9: =IF('Properties & Tenants'!E9="",0,'Properties & Tenants'!E9*12) -> 0 | Q9: =MAX(0,P9-O9) -> 0
A10: 7 | B10: =IF('Properties & Tenants'!C10="","",'Properties & Tenants'!C10) | O10: =SUM(C10:N10) -> 0 | P10: =IF('Properties & Tenants'!E10="",0,'Properties & Tenants'!E10*12) -> 0 | Q10: =MAX(0,P10-O10) -> 0
A11: 8 | B11: =IF('Properties & Tenants'!C11="","",'Properties & Tenants'!C11) | O11: =SUM(C11:N11) -> 0 | P11: =IF('Properties & Tenants'!E11="",0,'Properties & Tenants'!E11*12) -> 0 | Q11: =MAX(0,P11-O11) -> 0
A12: 9 | B12: =IF('Properties & Tenants'!C12="","",'Properties & Tenants'!C12) | O12: =SUM(C12:N12) -> 0 | P12: =IF('Properties & Tenants'!E12="",0,'Properties & Tenants'!E12*12) -> 0 | Q12: =MAX(0,P12-O12) -> 0
A13: 10 | B13: =IF('Properties & Tenants'!C13="","",'Properties & Tenants'!C13) | O13: =SUM(C13:N13) -> 0 | P13: =IF('Properties & Tenants'!E13="",0,'Properties & Tenants'!E13*12) -> 0 | Q13: =MAX(0,P13-O13) -> 0
A14: 11 | B14: =IF('Properties & Tenants'!C14="","",'Properties & Tenants'!C14) | O14: =SUM(C14:N14) -> 0 | P14: =IF('Properties & Tenants'!E14="",0,'Properties & Tenants'!E14*12) -> 0 | Q14: =MAX(0,P14-O14) -> 0
A15: 12 | B15: =IF('Properties & Tenants'!C15="","",'Properties & Tenants'!C15) | O15: =SUM(C15:N15) -> 0 | P15: =IF('Properties & Tenants'!E15="",0,'Properties & Tenants'!E15*12) -> 0 | Q15: =MAX(0,P15-O15) -> 0
... A23: 20 | B23: =IF('Properties & Tenants'!C23="","",'Properties & Tenants'!C23) | O23: =SUM(C23:N23) -> 0 | P23: =IF('Properties & Tenants'!E23="",0,'Properties & Tenants'!E23*12) -> 0 | Q23: =MAX(0,P23-O23) -> 0
B24: TOTALS | O24: =SUM(O4:O23) -> 0 | P24: =SUM(P4:P23) -> 0 | Q24: =SUM(Q4:Q23) -> 0

Sheet Inspection Checklist
A1: PROPERTY INSPECTION CHECKLIST
A2: By law you must inspect WITH the tenant at move-in and move-out. Do both, note the condition honestly, and have both parties sign. This protects your deposit claim.
B3: Property
B4: Tenant
B5: Inspection Date
B6: Type (Move-in / Move-out)
A8: No. | B8: Item | C8: Move-in Condition | D8: Move-out Condition | E8: Notes / Damage
A9: 1 | B9: Front door & lock
A10: 2 | B10: Windows & window frames
A11: 3 | B11: Walls & paint
A12: 4 | B12: Ceiling
A13: 5 | B13: Floors / carpets
A14: 6 | B14: Kitchen sink & taps
A15: 7 | B15: Kitchen cupboards
A16: 8 | B16: Stove / oven
A17: 9 | B17: Bathroom toilet
A18: 10 | B18: Bathroom basin & taps
A19: 11 | B19: Shower / bath
A20: 12 | B20: Bedroom 1
... A28: 20 | B28: Keys handed over (how many)
A31: SIGNATURES
B32: Landlord Signature
B33: Date
B34: Tenant Signature
B35: Date

Sheet Rent Receipt
A1: RENT RECEIPT
A2: Tenants are legally entitled to a receipt. Fill this in, print it, sign it and give it to them. Keep a copy.
B3: Receipt Number
B4: Date
B5: Received From (Tenant)
B6: Property / Unit
B7: For the Month Of
B8: Amount Received (R)
B9: Payment Method
B10: Received By
B12: Signature
