Workbook

Sheet Members
A1: STOKVEL MEMBER REGISTER
A2: Fill in every member once. The Contributions and Payouts sheets use these names. Monthly amount is what each member must pay in.
A3: No. | B3: Member Name | C3: Phone | D3: Email | E3: Monthly Amount | F3: Date Joined
A4: 1 | B4: Nomsa Dlamini (example - type over) | C4: 072 123 4567 | D4: nomsa@email.com | F4: 2026-01-15
A5: 2
A6: 3
A7: 4
A8: 5
A9: 6
A10: 7
A11: 8
A12: 9
A13: 10
A14: 11
A15: 12
A16: 13
... A33: 30
D34: TOTAL EXPECTED PER MONTH | E34: =SUM(E4:E33) -> 0

Sheet Contributions
A1: MONTHLY CONTRIBUTIONS TRACKER
A2: Enter the amount each member pays each month. Totals, expected amount and shortfall calculate automatically. Leave blank if not yet paid.
A3: No. | B3: Member Name | C3: Jan | D3: Feb | E3: Mar | F3: Apr | G3: May | H3: Jun | I3: Jul | J3: Aug | K3: Sep | L3: Oct | M3: Nov | N3: Dec | O3: Total Paid | P3: Expected | Q3: Shortfall
A4: 1 | B4: =IF(Members!B4="","",Members!B4) -> Nomsa Dlamini (example - type over) | O4: =SUM(C4:N4) -> 0 | P4: =IF(Members!E4="",0,Members!E4*12) -> 0 | Q4: =MAX(0,P4-O4) -> 0
A5: 2 | B5: =IF(Members!B5="","",Members!B5) | O5: =SUM(C5:N5) -> 0 | P5: =IF(Members!E5="",0,Members!E5*12) -> 0 | Q5: =MAX(0,P5-O5) -> 0
A6: 3 | B6: =IF(Members!B6="","",Members!B6) | O6: =SUM(C6:N6) -> 0 | P6: =IF(Members!E6="",0,Members!E6*12) -> 0 | Q6: =MAX(0,P6-O6) -> 0
A7: 4 | B7: =IF(Members!B7="","",Members!B7) | O7: =SUM(C7:N7) -> 0 | P7: =IF(Members!E7="",0,Members!E7*12) -> 0 | Q7: =MAX(0,P7-O7) -> 0
A8: 5 | B8: =IF(Members!B8="","",Members!B8) | O8: =SUM(C8:N8) -> 0 | P8: =IF(Members!E8="",0,Members!E8*12) -> 0 | Q8: =MAX(0,P8-O8) -> 0
A9: 6 | B9: =IF(Members!B9="","",Members!B9) | O9: =SUM(C9:N9) -> 0 | P9: =IF(Members!E9="",0,Members!E9*12) -> 0 | Q9: =MAX(0,P9-O9) -> 0
A10: 7 | B10: =IF(Members!B10="","",Members!B10) | O10: =SUM(C10:N10) -> 0 | P10: =IF(Members!E10="",0,Members!E10*12) -> 0 | Q10: =MAX(0,P10-O10) -> 0
A11: 8 | B11: =IF(Members!B11="","",Members!B11) | O11: =SUM(C11:N11) -> 0 | P11: =IF(Members!E11="",0,Members!E11*12) -> 0 | Q11: =MAX(0,P11-O11) -> 0
A12: 9 | B12: =IF(Members!B12="","",Members!B12) | O12: =SUM(C12:N12) -> 0 | P12: =IF(Members!E12="",0,Members!E12*12) -> 0 | Q12: =MAX(0,P12-O12) -> 0
A13: 10 | B13: =IF(Members!B13="","",Members!B13) | O13: =SUM(C13:N13) -> 0 | P13: =IF(Members!E13="",0,Members!E13*12) -> 0 | Q13: =MAX(0,P13-O13) -> 0
A14: 11 | B14: =IF(Members!B14="","",Members!B14) | O14: =SUM(C14:N14) -> 0 | P14: =IF(Members!E14="",0,Members!E14*12) -> 0 | Q14: =MAX(0,P14-O14) -> 0
A15: 12 | B15: =IF(Members!B15="","",Members!B15) | O15: =SUM(C15:N15) -> 0 | P15: =IF(Members!E15="",0,Members!E15*12) -> 0 | Q15: =MAX(0,P15-O15) -> 0
... A33: 30 | B33: =IF(Members!B33="","",Members!B33) | O33: =SUM(C33:N33) -> 0 | P33: =IF(Members!E33="",0,Members!E33*12) -> 0 | Q33: =MAX(0,P33-O33) -> 0
B34: TOTALS | O34: =SUM(O4:O33) -> 0 | P34: =SUM(P4:P33) -> 0 | Q34: =SUM(Q4:Q33) -> 0

Sheet Payout Rotation
A1: PAYOUT ROTATION SCHEDULE
A2: Set the order members receive their payout. Mark Paid as YES once the money has been handed over. Keep this signed if possible.
A3: Turn | B3: Member Name | C3: Payout Month | D3: Amount Due | E3: Paid? (YES/NO) | F3: Notes
A4: 1 | B4: Nomsa Dlamini | C4: January | E4: NO | F4: Example row - type over it
A5: 2
A6: 3
A7: 4
A8: 5
A9: 6
A10: 7
A11: 8
A12: 9
A13: 10
A14: 11
A15: 12
A16: 13
... A33: 30
C34: TOTAL PAID OUT | D34: =SUMIF(E4:E33,"YES",D4:D33) -> 0

Sheet Summary
A1: STOKVEL SUMMARY
A3: GROUP DETAILS
B4: Stokvel Name | C4: [Your Stokvel Name]
B5: Treasurer | C5: [Name]
B6: Year | C6: 2026
B7: Number of Members | C7: =COUNTA(Members!B4:B33) -> 1
A9: MONEY
B10: Total Contributions Received | C10: =Contributions!O34 -> 0
B11: Total Expected for the Year | C11: =Contributions!P34 -> 0
B12: Total Outstanding (Shortfall) | C12: =Contributions!Q34 -> 0
B13: Total Paid Out to Members | C13: ='Payout Rotation'!D34 -> 0
B14: CASH ON HAND | C14: =C10-C13 -> 0
A16: Cash on hand = money received minus money paid out. Check this against your bank balance every month.
